artistName,segment
Dj Batata,Previously Active Listeners
Drake,Previously Active Listeners
Fianru,Previously Active Listeners
Snoop Dogg,Previously Active Listeners
"The Last Artful, Dodgr",Previously Active Listeners
Nonpalidece,Previously Active Listeners
K.O.G,Previously Active Listeners
The RH Factor,Previously Active Listeners
Bruno Mars,Previously Active Listeners
Sexyy Red,Previously Active Listeners
Slay Squad,Previously Active Listeners
Night Skinny,Previously Active Listeners
MF DOOM,Super Listeners
Foo Fighters,Previously Active Listeners
Saltyyyy V,Previously Active Listeners
Stacy Epps,Light listeners
Los Fundamentalistas del Aire Acondicionado,Previously Active Listeners
Flying Lotus,Previously Active Listeners
Headie One,Previously Active Listeners
Mndsgn,Previously Active Listeners
Ana Belén,Light listeners
Zell,Previously Active Listeners
Kaidi Akinnibi,Previously Active Listeners
Jay Rock,Previously Active Listeners
Dua Lipa,Previously Active Listeners
Young Thug,Previously Active Listeners
Quelle Chris,Previously Active Listeners
BossMan Dlow,Previously Active Listeners
Sirio,Previously Active Listeners
Nas,Light listeners
Tanner Adell,Previously Active Listeners
Tim Buckley,Previously Active Listeners
Bill Withers,Previously Active Listeners
Joan Manuel Serrat,Super Listeners
Arcángel,Previously Active Listeners
BAJO WEST 1708,Previously Active Listeners
SERAPHINE NOIR,Previously Active Listeners
Santiago Motorizado,Previously Active Listeners
Rick Ross,Light listeners
Mos Def,Previously Active Listeners
Cerounno,Previously Active Listeners
Rocco Palladino,Previously Active Listeners
Gucci Mane,Previously Active Listeners
Teresa Parodi,Previously Active Listeners
Robert Glasper,Previously Active Listeners
Anderson .Paak,Previously Active Listeners
SWEATA,Previously Active Listeners
Madlib,Super Listeners
Veeyam,Previously Active Listeners
Mora,Previously Active Listeners
Vinyltracker,Previously Active Listeners
Ronpe 99,Previously Active Listeners
DESTIN CONRAD,Previously Active Listeners
Maxwell,Previously Active Listeners
WOS,Previously Active Listeners
Gnarls Barkley,Previously Active Listeners
DRAM,Moderate listeners
Yé,Previously Active Listeners
Homer El Mero Mero,Previously Active Listeners
CACUCA,Light listeners
Junkie XL,Previously Active Listeners
Reuben Vincent,Previously Active Listeners
Tío La Bomba,Previously Active Listeners
Frank Ocean,Super Listeners
Hi-Tek,Previously Active Listeners
Dawn Richard,Previously Active Listeners
Manolo Tena,Light listeners
A$AP Rocky,Previously Active Listeners
Lee Scott,Previously Active Listeners
Ana Milagros,Previously Active Listeners
YSY A,Previously Active Listeners
Stevie Ray Vaughan,Previously Active Listeners
Foyone,Previously Active Listeners
MARTTEIN,Previously Active Listeners
Jack Black,Previously Active Listeners
Benny The Butcher,Previously Active Listeners
Mick Jenkins,Previously Active Listeners
Jordan Rakei,Previously Active Listeners
Ghostface Killah,Previously Active Listeners
Vybz Kartel,Previously Active Listeners
Kehlani,Previously Active Listeners
Lou Phelps,Previously Active Listeners
Hiatus Kaiyote,Previously Active Listeners
SiR,Previously Active Listeners
Magnus Ferrell,Previously Active Listeners
Axl Folie,Previously Active Listeners
Dahi,Previously Active Listeners
Aaron Taylor,Previously Active Listeners
Yebba,Previously Active Listeners
Abowji Quintet,Previously Active Listeners
Kabaka Pyramid,Previously Active Listeners
Madvillain,Super Listeners
Arcángel,Previously Active Listeners
Pantera,Previously Active Listeners
will.i.am,Previously Active Listeners
Axel Fiks,Previously Active Listeners
J A Y E L E C T R O N I C A,Previously Active Listeners
Jaydee,Previously Active Listeners
J. Hoard,Previously Active Listeners
Almendra,Moderate listeners
Travis Scott,Light listeners
Channel Tres,Previously Active Listeners
Burna Boy,Previously Active Listeners
?uestlove,Previously Active Listeners
Men I Trust,Previously Active Listeners
Kali Uchis,Previously Active Listeners
Earl Sweatshirt,Previously Active Listeners
Tame Impala,Previously Active Listeners
The Police,Previously Active Listeners
dvsn,Previously Active Listeners
Pappo's Blues,Light listeners
6LACK,Previously Active Listeners
Sílvia Pérez Cruz,Previously Active Listeners
Boldy James,Previously Active Listeners
mhtresuno,Previously Active Listeners
Lito Vitale,Previously Active Listeners
David Lebón,Previously Active Listeners
Soui Uno,Previously Active Listeners
TAVE,Previously Active Listeners
Victor Heredia,Previously Active Listeners
Tiana Major9,Previously Active Listeners
Chiru!,Previously Active Listeners
Danny Brown,Previously Active Listeners
Fidel Nadal,Previously Active Listeners
Diana Navarro,Previously Active Listeners
Ivan C. Bakmas,Previously Active Listeners
Richard Spaven,Previously Active Listeners
Mamani Keïta,Previously Active Listeners
Radamel,Previously Active Listeners
Tanna Leone,Previously Active Listeners
Fred again..,Previously Active Listeners
T&K,Previously Active Listeners
Macaco,Previously Active Listeners
Teddy Pendergrass,Previously Active Listeners
Clairo,Previously Active Listeners
Eladio Carrion,Previously Active Listeners
Yasiin Bey,Previously Active Listeners
Leon Thomas,Previously Active Listeners
Chet Faker,Previously Active Listeners
Lily-Rose Depp,Previously Active Listeners
blink-182,Previously Active Listeners
D'Angelo,Previously Active Listeners
JID,Previously Active Listeners
Joshua Malilay,Previously Active Listeners
Sonnyjim,Previously Active Listeners
Karriem Riggins,Previously Active Listeners
Milo j,Previously Active Listeners
Fleetwood Mac,Previously Active Listeners
Big Sean,Previously Active Listeners
Kelly Moonstone,Previously Active Listeners
Charlotte Day Wilson,Previously Active Listeners
Free Nationals,Previously Active Listeners
Rema,Previously Active Listeners
BADBADNOTGOOD,Previously Active Listeners
"Eddie ""Love"" Arroyo",Previously Active Listeners
miamore,Previously Active Listeners
Cuti y Roberto Carabajal,Previously Active Listeners
Keyon Harrold,Previously Active Listeners
Peso Pluma,Previously Active Listeners
Daniel Caesar,Moderate listeners
DJ Harrison,Previously Active Listeners
zoom tu delincuente favorito,Previously Active Listeners
Lil Troca,Previously Active Listeners
Magios,Previously Active Listeners
Tinashe,Previously Active Listeners
Duki,Previously Active Listeners
Barry White,Previously Active Listeners
Dijon,Previously Active Listeners
TOKiMONSTA,Previously Active Listeners
Sting,Previously Active Listeners
Sparks,Previously Active Listeners
44th Move,Previously Active Listeners
Raúl Carnota,Previously Active Listeners
AKRIILA,Previously Active Listeners
Ismael Serrano,Previously Active Listeners
Che Ecru,Previously Active Listeners
Leven Kali,Previously Active Listeners
Justine Skye,Previously Active Listeners
Cakes da Killa,Previously Active Listeners
Aminé,Previously Active Listeners
Dillom,Previously Active Listeners
Danger Mouse,Previously Active Listeners
Ale Kurz,Previously Active Listeners
Julian Casablancas,Previously Active Listeners
Natalie Perez,Light listeners
Knxwledge,Previously Active Listeners
Atu,Previously Active Listeners
Edelmiro Molinari,Previously Active Listeners
serpentwithfeet,Previously Active Listeners
Samant,Previously Active Listeners
Liv.e,Previously Active Listeners
John Legend,Light listeners
Malice,Previously Active Listeners
Carminho,Previously Active Listeners
Dancing Mood,Previously Active Listeners
Lil Yachty,Previously Active Listeners
Kodak Black,Previously Active Listeners
DJ Creole Princess,Moderate listeners
Muerdo,Light listeners
Cookin Soul,Previously Active Listeners
Rihanna,Previously Active Listeners
The Notorious B.I.G.,Previously Active Listeners
H de Perra,Previously Active Listeners
YGTUT,Previously Active Listeners
The Last Shadow Puppets,Previously Active Listeners
Christina Aguilera,Previously Active Listeners
Paul Groucho Smykle,Previously Active Listeners
Baby Kia,Previously Active Listeners
Lil Wayne,Moderate listeners
Freddie Gibbs,Super Listeners
Tokischa,Previously Active Listeners
Merges,Previously Active Listeners
Amaarae,Previously Active Listeners
Akapellah,Previously Active Listeners
Mariah Carey,Previously Active Listeners
Pescado Rabioso,Moderate listeners
Travis Porter,Previously Active Listeners
YG,Previously Active Listeners
Los Pleneros de la Cresta,Previously Active Listeners
Teebs,Previously Active Listeners
Portal Sessions,Previously Active Listeners
"Tyler, The Creator",Light listeners
Rory,Previously Active Listeners
ScHoolboy Q,Previously Active Listeners
Stove God Cooks,Light listeners
Junglepussy,Previously Active Listeners
Ye,Moderate listeners
The Alchemist,Super Listeners
Rae Khalil,Previously Active Listeners
CLUB HATS,Previously Active Listeners
Trueno,Previously Active Listeners
El Michels Affair,Previously Active Listeners
Robyn,Previously Active Listeners
Silk Sonic,Previously Active Listeners
Lou Val,Previously Active Listeners
Ibrahim Ferrer,Previously Active Listeners
Dody 6,Previously Active Listeners
Topaz Jones,Previously Active Listeners
Chronixx,Previously Active Listeners
Curren$y,Light listeners
Method Man,Previously Active Listeners
Frane,Previously Active Listeners
Sam Dew,Previously Active Listeners
Skip Marley,Previously Active Listeners
Son Lux,Previously Active Listeners
Yung Bleu,Previously Active Listeners
Juan Echanove,Light listeners
Raul Carnota Trio,Previously Active Listeners
Sidonie,Light listeners
Luis Fonsi,Previously Active Listeners
El Doctor,Previously Active Listeners
Ari PenSmith,Previously Active Listeners
Baby Keem,Previously Active Listeners
Swae Lee,Previously Active Listeners
Arctic Monkeys,Previously Active Listeners
Cleo Sol,Previously Active Listeners
Don Toliver,Previously Active Listeners
Lulo,Previously Active Listeners
Spinetta Y Los Socios Del Desierto,Previously Active Listeners
CA7RIEL & Paco Amoroso,Previously Active Listeners
J Dilla,Super Listeners
Omar Mollo,Previously Active Listeners
N.E.R.D,Previously Active Listeners
Antonio Flores,Light listeners
Brent Faiyaz,Super Listeners
Del The Funky Homosapien,Previously Active Listeners
Jorja Smith,Previously Active Listeners
Carpenters,Previously Active Listeners
CA7RIEL,Previously Active Listeners
Metro Boomin,Previously Active Listeners
José Luis Perales,Previously Active Listeners
Víctor Manuel,Light listeners
Clúster,Previously Active Listeners
T&K,Previously Active Listeners
9th Wonder,Previously Active Listeners
Tina Weymouth,Previously Active Listeners
Mach-Hommy,Previously Active Listeners
Quavo,Previously Active Listeners
Isaiah Rashad,Previously Active Listeners
Busta Rhymes,Super Listeners
Tiera Kennedy,Previously Active Listeners
Ramona Galarza,Previously Active Listeners
DJ Wilton,Previously Active Listeners
Reyna Roberts,Previously Active Listeners
Clipse,Super Listeners
Faenna,Previously Active Listeners
Sampha,Previously Active Listeners
Maeta,Previously Active Listeners
Jay Worthy,Previously Active Listeners
Action Bronson,Previously Active Listeners
Morad,Previously Active Listeners
Syd Barrett,Previously Active Listeners
Jorge Drexler,Previously Active Listeners
Dave Chappelle,Previously Active Listeners
Brittney Spencer,Previously Active Listeners
Mc Daleste,Previously Active Listeners
Westside Gunn,Moderate listeners
Lucy Rose,Previously Active Listeners
Blxst,Previously Active Listeners
IDK,Previously Active Listeners
Jimi Hendrix,Previously Active Listeners
Chuwi,Previously Active Listeners
Tems,Previously Active Listeners
Dizz1,Previously Active Listeners
JENNIE,Previously Active Listeners
50 Cent,Previously Active Listeners
Jessie Reyez,Previously Active Listeners
Joey Bada$$,Previously Active Listeners
Louk,Previously Active Listeners
Gorillaz,Previously Active Listeners
Lil Nas X,Previously Active Listeners
Pink Floyd,Moderate listeners
Thundercat,Previously Active Listeners
Led Zeppelin,Previously Active Listeners
Dellalowla,Previously Active Listeners
Kamada,Previously Active Listeners
Romany Gilmour,Previously Active Listeners
Hermetica,Previously Active Listeners
Oney1,Previously Active Listeners
Khruangbin,Previously Active Listeners
Ovi,Previously Active Listeners
Charlie Wilson,Previously Active Listeners
Los Ángeles Azules,Light listeners
Mykal Rose,Light listeners
Dougie F,Previously Active Listeners
TiaCorine,Previously Active Listeners
Björk,Moderate listeners
Carmen Linares,Previously Active Listeners
Molly McPhaul,Previously Active Listeners
Soledad,Previously Active Listeners
JOAKO,Previously Active Listeners
Alborosie,Moderate listeners
Omar Souleyman,Previously Active Listeners
Jose Merce,Previously Active Listeners
Ab Liva,Previously Active Listeners
Awkward,Previously Active Listeners
Seun Kuti,Previously Active Listeners
CARI,Previously Active Listeners
Los Gardelitos,Moderate listeners
Mariah the Scientist,Previously Active Listeners
Common,Light listeners
SFDK,Previously Active Listeners
Eight9FLY,Previously Active Listeners
Clams Casino,Previously Active Listeners
Mercedes Sosa,Light listeners
SoFaygo,Previously Active Listeners
KAYTRAMINÉ,Previously Active Listeners
Young Nudy,Previously Active Listeners
Miranda!,Previously Active Listeners
Erykah Badu,Super Listeners
Raphael Saadiq,Previously Active Listeners
Mir Nicolas,Previously Active Listeners
SAILORR,Previously Active Listeners
Garena Free Fire,Previously Active Listeners
Ty Dolla $ign,Previously Active Listeners
Yahritza Y Su Esencia,Previously Active Listeners
Elio Toffana,Previously Active Listeners
Cash Cobain,Previously Active Listeners
SahBabii,Previously Active Listeners
Spinetta Jade,Previously Active Listeners
Lil Supa,Previously Active Listeners
FLO,Previously Active Listeners
Britney Spears,Previously Active Listeners
El Mató a un Policía Motorizado,Previously Active Listeners
Mad Keys,Previously Active Listeners
Martirio,Previously Active Listeners
Molly Santana,Previously Active Listeners
CeeLo Green,Light listeners
Madonna,Previously Active Listeners
JAŸ-Z,Previously Active Listeners
Brainstory,Previously Active Listeners
Kanye West,Super Listeners
Tom Misch,Previously Active Listeners
Elvis Crespo,Previously Active Listeners
Monica,Previously Active Listeners
Malandro,Previously Active Listeners
sam e hues,Previously Active Listeners
The Roots,Previously Active Listeners
Nubiyan Twist,Previously Active Listeners
Coi Leray,Previously Active Listeners
Jessica Pratt,Previously Active Listeners
Vodka,Previously Active Listeners
Vince Staples,Previously Active Listeners
Manolo Garcia,Previously Active Listeners
Ill Pekeño,Previously Active Listeners
J Lloyd,Previously Active Listeners
Mac Miller,Previously Active Listeners
Roni Kaspi,Previously Active Listeners
Bob Marley & The Wailers,Previously Active Listeners
J. Cole,Previously Active Listeners
Various Artists,Light listeners
WILLOW,Previously Active Listeners
Dolly Parton,Light listeners
Hephzibah,Previously Active Listeners
Santiki,Previously Active Listeners
Ranking Joe,Light listeners
KIDS SEE GHOSTS,Previously Active Listeners
Ríal Guawankó,Previously Active Listeners
Amindi,Previously Active Listeners
VanJess,Previously Active Listeners
Esperanza Spalding,Previously Active Listeners
corto.alto,Previously Active Listeners
October London,Previously Active Listeners
Lucho SSJ,Previously Active Listeners
Ramakhandra,Previously Active Listeners
NEONE the Wonderer,Previously Active Listeners
Deacon,Previously Active Listeners
Juana Rozas,Previously Active Listeners
The Purist,Previously Active Listeners
RaiNao,Previously Active Listeners
Talib Kweli,Previously Active Listeners
Cool & Dre,Previously Active Listeners
The High & Mighty,Previously Active Listeners
Luis Alberto Spinetta,Super Listeners
Jacob Collier,Previously Active Listeners
Santigold,Previously Active Listeners
reggie,Previously Active Listeners
Michi,Previously Active Listeners
Ravyn Lenae,Previously Active Listeners
Paul Epworth,Previously Active Listeners
Loyle Carner,Previously Active Listeners
2 Chainz,Previously Active Listeners
ACRU,Previously Active Listeners
JACKBOYS,Previously Active Listeners
aespa,Previously Active Listeners
prodbyrl,Previously Active Listeners
Gabriel Lombardo,Previously Active Listeners
Myke Towers,Previously Active Listeners
La Renga,Light listeners
Smino,Previously Active Listeners
Juan Pardo,Previously Active Listeners
An Espil,Previously Active Listeners
Pharrell Williams,Moderate listeners
GIVĒON,Previously Active Listeners
Maria Dolores Pradera,Previously Active Listeners
Lali,Previously Active Listeners
Varoner,Previously Active Listeners
Bizarrap,Previously Active Listeners
Masego,Previously Active Listeners
Gauchito Club,Previously Active Listeners
The Jacksons,Previously Active Listeners
THE-DREAM,Light listeners
Clara Rockmore,Previously Active Listeners
Mr. Vegas,Previously Active Listeners
Amaria,Previously Active Listeners
Young Dro,Previously Active Listeners
John Frusciante,Previously Active Listeners
Camaron De La Isla,Previously Active Listeners
Rocío Márquez,Previously Active Listeners
Michael Jackson,Previously Active Listeners
Lords Of The Underground,Previously Active Listeners
Solange,Previously Active Listeners
BIA,Previously Active Listeners
Omar Courtz,Previously Active Listeners
Juanito Valderrama,Previously Active Listeners
Teddy Swims,Previously Active Listeners
Swarvy,Previously Active Listeners
Give Em Soul,Previously Active Listeners
TINI,Light listeners
Sauce Walka,Previously Active Listeners
Little Brother,Previously Active Listeners
Adrian Dargelos,Previously Active Listeners
Momo Boyd,Previously Active Listeners
Loaded Honey,Previously Active Listeners
Ky-Mani Marley,Previously Active Listeners
Bad Bunny,Previously Active Listeners
Alexandra Savior,Previously Active Listeners
Amaya,Previously Active Listeners
Musiq Soulchild,Previously Active Listeners
Fito Paez,Previously Active Listeners
Dano,Previously Active Listeners
The Strokes,Previously Active Listeners
Miguel Ríos,Light listeners
Florence + The Machine,Previously Active Listeners
Beéle,Previously Active Listeners
bLAck pARty,Previously Active Listeners
Jordan Ward,Previously Active Listeners
Columvainas,Previously Active Listeners
Larry June,Previously Active Listeners
Yung Lean,Previously Active Listeners
Estrella Morente,Previously Active Listeners
Burniss Travis,Previously Active Listeners
Voices of Fire,Light listeners
Dei V,Previously Active Listeners
Andre Troutman,Previously Active Listeners
RIMON,Previously Active Listeners
Kid Cudi,Previously Active Listeners
Moody Bank$,Previously Active Listeners
JPEGMAFIA,Previously Active Listeners
Conductor Williams,Previously Active Listeners
Paula Prieto,Previously Active Listeners
El Alfa,Previously Active Listeners
Ab-Liva,Light listeners
Feid,Previously Active Listeners
Cordae,Previously Active Listeners
Paul Grant,Previously Active Listeners
Silvio Rodríguez,Previously Active Listeners
SPONSOR DIOS,Previously Active Listeners
Arima Ederra,Previously Active Listeners
Gunna,Previously Active Listeners
Jozzy,Previously Active Listeners
Anitta,Previously Active Listeners
Rome Streetz,Previously Active Listeners
Adi Oasis,Previously Active Listeners
Erika de Casier,Previously Active Listeners
Pappo,Light listeners
Alicia Keys,Previously Active Listeners
Tony the Tiger,Previously Active Listeners
André 3000,Previously Active Listeners
Jamila Woods,Previously Active Listeners
Doechii,Previously Active Listeners
Flume,Previously Active Listeners
Brapis,Previously Active Listeners
EARTHGANG,Previously Active Listeners
Taylour Paige,Previously Active Listeners
Nile Rodgers,Previously Active Listeners
PJ,Previously Active Listeners
Lil Silva,Previously Active Listeners
Traffic,Previously Active Listeners
Indio Solari,Previously Active Listeners
J Money,Previously Active Listeners
Black Thought,Previously Active Listeners
Los Chalchaleros,Previously Active Listeners
Sam Smith,Previously Active Listeners
Meshell Ndegeocello,Previously Active Listeners
Bersuit Vergarabat,Previously Active Listeners
This Mortal Coil,Previously Active Listeners
Pablo Milanés,Light listeners
Lia Kali,Previously Active Listeners
Yeat,Previously Active Listeners
Lydia Kitto,Previously Active Listeners
Sasha Keable,Previously Active Listeners
Rob49,Previously Active Listeners
Childish Gambino,Previously Active Listeners
Yves Tumor,Previously Active Listeners
Alfa Mist,Previously Active Listeners
The Weeknd,Previously Active Listeners
Mustafa,Previously Active Listeners
Pusha T,Super Listeners
Kendrick Lamar,Light listeners
Wale,Previously Active Listeners
CRTRAP OFICIAL,Previously Active Listeners
Too $hort,Previously Active Listeners
Bardero$,Previously Active Listeners
TLC,Previously Active Listeners
Joaquín Sabina,Moderate listeners
Shay Lia,Previously Active Listeners
Invisible,Previously Active Listeners
Fousheé,Previously Active Listeners
Lola Young,Previously Active Listeners
C.R.O,Previously Active Listeners
Ciara,Previously Active Listeners
Your Old Droog,Previously Active Listeners
Playboi Carti,Previously Active Listeners
Miguel Poveda,Previously Active Listeners
Lisandro Aristimuño,Super Listeners
Urbanse,Previously Active Listeners
Amanda Reifer,Previously Active Listeners
Proof,Previously Active Listeners
Inti-Illimani,Previously Active Listeners
Bo Burnham,Previously Active Listeners
Tre' Amani,Light listeners
Red Hot Chili Peppers,Previously Active Listeners
KIRBY,Previously Active Listeners
War Child Records,Previously Active Listeners
M.I.A.,Previously Active Listeners
Teezo Touchdown,Previously Active Listeners
Ralphie Choo,Previously Active Listeners
Ria Moran,Previously Active Listeners
Beyoncé,Previously Active Listeners
Daft Punk,Previously Active Listeners
Imogen Heap,Previously Active Listeners
Zeballos,Previously Active Listeners
Patricio Rey y sus Redonditos de Ricota,Super Listeners
Stevie Wonder,Previously Active Listeners
Jesus Molina,Previously Active Listeners
Wiz Khalifa,Previously Active Listeners
DONDA,Previously Active Listeners
Justice,Previously Active Listeners
Judeline,Previously Active Listeners
Rochelle Jordan,Previously Active Listeners
Jake La Furia,Previously Active Listeners
Haitian Jack,Previously Active Listeners
LaToiya Williams,Previously Active Listeners
Wyatt Waddell,Previously Active Listeners
Antonio Carmona,Previously Active Listeners
Sauce Walka,Previously Active Listeners
Kaelin Ellis,Previously Active Listeners
James Blake,Previously Active Listeners
Kal Banx,Previously Active Listeners
Slum Village,Super Listeners
NxWorries,Previously Active Listeners
Bootsy Collins,Previously Active Listeners
H.E.R.,Previously Active Listeners
SZA,Previously Active Listeners
ELIZA,Super Listeners
Manu Beats,Previously Active Listeners
The Kount,Previously Active Listeners
03 Greedo,Previously Active Listeners
Yussef Dayes,Previously Active Listeners
Vinocio,Previously Active Listeners
Turf,Previously Active Listeners
Mereba,Previously Active Listeners
Sudan Archives,Previously Active Listeners
PARTYNEXTDOOR,Previously Active Listeners
mimofr,Previously Active Listeners
Coldplay,Previously Active Listeners
CRIMEAPPLE,Previously Active Listeners
KLAN,Previously Active Listeners
Pasión Vega,Previously Active Listeners
Brandy,Previously Active Listeners
ROSALÍA,Previously Active Listeners
Chambao,Previously Active Listeners
Sheck Wes,Previously Active Listeners
GENA,Previously Active Listeners
Imani Imani,Previously Active Listeners
Summer Walker,Previously Active Listeners
Miho Hatori,Previously Active Listeners
Ergo Pro,Previously Active Listeners
21 Savage,Previously Active Listeners
BALTA,Previously Active Listeners
DANDARA,Previously Active Listeners
Pedro Aznar,Previously Active Listeners
DJ Premier,Previously Active Listeners
Camille Saint-Saëns,Previously Active Listeners
Callejeros,Light listeners
Intoxicados,Previously Active Listeners
Taiu,Previously Active Listeners
David Gilmour,Previously Active Listeners
Paco Amoroso,Previously Active Listeners
PinkPantheress,Previously Active Listeners
Malice,Super Listeners
Pastor Troy,Previously Active Listeners
Gustavo Cerati,Previously Active Listeners
Mono/Poly,Previously Active Listeners
KAYTRANADA,Previously Active Listeners
Dabu,Previously Active Listeners
GloRilla,Previously Active Listeners
Iman Europe,Previously Active Listeners
Charly García,Previously Active Listeners
Son Little,Previously Active Listeners
Future,Previously Active Listeners
Nadia Reisenberg,Previously Active Listeners
Steve Lacy,Previously Active Listeners
Matt Martians,Previously Active Listeners
